message_id,label,attack_type,expected_rejected
9eaf4909-db54-4446-81ec-4cef6aadf35f,normal,,False
de35b0f9-8a4b-4f1b-9c4f-779caa7810f0,normal,,False
63735433-4ebc-4b4e-b28d-95042156ddf6,normal,,False
990e047d-f060-417a-a6e1-8295162c82ba,normal,,False
5dc28299-2b77-40de-be85-9505f34b5709,normal,,False
140be04b-7062-4678-a18c-f2df810fe177,normal,,False
0583f941-2073-4bac-a7c7-add180f8220d,anomalous,payload_tamper,True
ba5f7800-ab32-42da-8250-29166bc5e754,normal,,False
b0f0ffaf-a674-460b-937e-abc2f9ada0d0,normal,,False
3550e634-7dc8-45b4-9040-5d0f8673c6a7,normal,,False
9a0800db-9cbc-4b1c-9f7e-1429cdfe1488,anomalous,out_of_range_vital,False
b7f106c6-6d03-43c0-ab6c-3803e6af852e,normal,,False
d494a094-0be5-4d25-bd7e-5442e995ae1a,normal,,False
9f18a565-0144-49a8-a890-379bcd8e9f71,normal,,False
b2b23d11-10fe-41dd-9222-7d034a1d7f4e,normal,,False
db003d74-18c3-4d20-954b-c3d9a18d0f28,normal,,False
ee7b6e8a-9843-4488-a13a-859e569eedd0,normal,,False
d3fe8b57-d623-47a1-95f1-1d2caa41a98a,normal,,False
61499c7f-4f9c-4d85-bda4-859409880f11,normal,,False
6f876598-3880-4919-8d50-ca49edd062c0,normal,,False
7fdfa767-74e1-405c-a5fd-e51cfbc58766,normal,,False
c721533f-5619-40a3-a9ae-7b2846e93dbb,anomalous,payload_tamper,True
b1adca98-fcf5-4873-9ce7-a4663a0aa9fc,normal,,False
0e168e97-7e63-4992-9022-b3d220b92f1f,normal,,False
647b0ede-a152-465f-a038-3d78a0ee927d,normal,,False
f5c669d3-a29b-41e2-883d-04c295bb89bb,normal,,False
3607474a-dada-4edc-b0d1-d5b20e9bd558,normal,,False
4c988515-6571-46db-9d8b-a1963f4c621f,normal,,False
8ee79d2e-551c-43cc-9b0c-2bcd07af9f79,normal,,False
ddad0efd-2cd0-42e3-870b-334fb847c40b,normal,,False
dbbff4f4-049a-4f9c-b75b-74dd86b61bbe,normal,,False
18cb7849-852d-4903-a490-5c804b2e4c47,normal,,False
c36bdccc-1910-41e9-bc9d-152b8e98794a,anomalous,traffic_flood,False
032cf81f-0414-4ffc-9bce-853539e29445,normal,,False
18c1764b-4ba9-4546-ab11-fb66ad0f052b,normal,,False
2754d95e-ce1e-4c68-b655-1dfab599b18a,normal,,False
6a83f752-eb58-455c-8732-8542eac766a2,anomalous,payload_tamper,True
96ef944d-c916-4ea4-b05c-9ee6139c7ff9,normal,,False
4569e422-cd78-4019-80e1-189266466226,normal,,False
3ccab400-e676-4792-ab9c-5beb313b9ab9,normal,,False
4ab8317a-1444-43d2-9d8c-df158b3cd5bb,normal,,False
9920caa0-6a3f-4a36-9cf0-c03fdfa33caf,normal,,False
88fe9df4-a5d8-42de-b3ab-bfcf3fb21506,normal,,False
aa178352-5558-400c-bc45-6166bd73de2d,normal,,False
505b02ef-6bf6-43ee-ae18-b322cdacdefa,anomalous,payload_tamper,True
f96880e3-84d4-4df6-9f04-74098335cdde,normal,,False
b3f966f9-dcbc-4212-8a9d-84a74f215c88,normal,,False
b43c4b45-bb7f-436b-92a8-3202c009a304,normal,,False
10ce1369-460a-4bae-b072-3be3993534a5,normal,,False
fcbcfd59-9a0a-4b56-8d31-d20ce593764a,normal,,False
90c69b35-bd69-4923-9204-289f1efa1394,normal,,False
b3cc3259-d251-4518-ba78-6771ac789695,normal,,False
41fedba0-11f9-41c4-a1de-666e57263c01,normal,,False
9f269af2-b915-40ac-b1fd-58c2a8e87f0b,normal,,False
e59758d1-b05c-4f2f-a9ab-75d124012d2e,normal,,False
823cd02c-d490-43e2-b16d-209423073286,normal,,False
337c2c1a-b351-4a7b-b4e4-22e98b805324,normal,,False
5ee340be-03cb-49eb-a695-991cb435a72a,normal,,False
4cea688e-531c-4cb1-88df-652a1d24ac36,normal,,False
1e89b446-ad5a-462a-b5b7-c2e043eba88a,normal,,False
c06db59d-e089-4303-b39b-80de60739238,normal,,False
4586ef8c-050b-40f5-86a2-3e687bedb2c2,normal,,False
afe10677-bcc4-4ee6-aaab-b37b1a69722d,normal,,False
5e10c6dc-464e-47e9-839c-ddcab68d517c,anomalous,traffic_flood,False
84962f33-9a02-4569-a2b2-713c90a1bcfd,normal,,False
5ca3f78a-71f0-46fe-839d-e49e8b3616cf,normal,,False
e64e15a4-4eb2-4c3a-9327-1b41be230ef3,normal,,False
f80cbd89-a560-4ff5-9dba-ccf353318969,normal,,False
89f61667-b44f-462f-913d-2b5c364ad880,normal,,False
db14a95d-1cbc-490a-b788-3ea5940327de,normal,,False
8e079716-605c-45be-bed5-fe2a00da5f8e,normal,,False
0ad9aef0-1c9d-4711-8514-b0dc4c1e7b00,normal,,False
0675f979-e4ac-4b49-9ee1-f926e14c33b7,normal,,False
c203246e-90ac-40b9-9f98-e97546be7a71,normal,,False
ac78d07d-2856-4c49-957c-8f593c3f52f3,normal,,False
655fefe2-a61a-4261-b0b6-9843b8bcc0c4,normal,,False
23539ef5-aaff-48a5-9660-fd55c66694f0,normal,,False
52e443eb-5f53-4171-8694-7a548f6d5f55,normal,,False
491e1d9e-d293-440a-ba49-cc5bfbfaef21,normal,,False
d934a1f4-87c0-4ebf-94f5-95322354b99e,normal,,False
5f587586-d002-4045-bb3e-bd5e9836f0c2,normal,,False
2593f78d-06f5-4c9d-ad3f-39cd6f5f0e4f,normal,,False
85082a4a-b996-49ee-b425-6f26c949d84b,normal,,False
f867d9ca-238f-41b9-b50d-5e8f70f9b3d3,normal,,False
2a569fc4-4d50-4cee-8e6c-95dae83b8ff6,normal,,False
6cd768fc-dca4-4dc2-91e7-49c276353ef7,normal,,False
17885ccc-0d73-4246-a900-d37cc88b3ef1,normal,,False
1cebf244-71c7-4b4b-b682-36a3acc36740,normal,,False
be035a53-c739-4310-9d43-eb9ff325ae3f,normal,,False
008afbcb-c7d1-4707-b83d-ae05083d582a,anomalous,payload_tamper,True
28413cfb-199f-4d06-b06b-fab7ae655c87,normal,,False
5955562a-0344-49de-91a0-178866cd5319,normal,,False
98fe4d17-8388-46f9-865b-33f845e23498,normal,,False
7b41fbf7-7269-4fe1-b4a4-f9284b936b1c,normal,,False
0851432d-454c-4f6c-bc1d-b9c67d1b1a81,normal,,False
7956e8ab-6d9f-4ed1-b632-6f7d2aa8152a,normal,,False
6fdbbf53-963c-4d75-9dac-4bfb3a0b79df,normal,,False
709952a6-1bf4-4c0d-b5a4-c53ace55b2b2,normal,,False
f79225d3-f6bc-4bfa-b7ae-b17592cc22a1,normal,,False
46b2497b-e72f-4eab-b51e-cbc1c2f3bee1,normal,,False
aa65e752-cabd-4613-a335-828e37cb7929,normal,,False
f582a215-d91b-4310-8545-d6301575dfd3,normal,,False
f26e82cd-155f-4beb-860c-30da5d8dad2d,anomalous,traffic_flood,False
ba3a6c7c-4f46-4b50-bb5d-67abb04c884f,anomalous,traffic_flood,False
2831d650-d93a-43b2-9e1d-34e99db9f01c,anomalous,prescription_mismatch,False
22d98d04-cb75-4cdf-9bd9-7b83abc8bb82,normal,,False
26f47d35-7709-43eb-8b17-9ee9dd9d6fe8,anomalous,out_of_range_vital,False
d710718d-49b1-4f13-871b-46ddfe56e810,normal,,False
4d2d9b3a-54b6-4087-8de5-5db6bbb08012,normal,,False
915f85c4-620d-41d6-b12f-71dfe97b5c28,normal,,False
9bf7eee9-a3b7-4b39-8b23-fcb20c0ec5ab,normal,,False
112386f5-e374-4431-bb67-921b69e61e02,normal,,False
2737a7a0-bc11-4135-b699-fe1622b5351b,normal,,False
895b9ea5-aa54-4992-89b9-ff0125474110,normal,,False
71261b20-79e0-4d29-8b79-ce781a5a8f19,normal,,False
daec75ae-134f-4d78-80e8-a00525ff8252,anomalous,payload_tamper,True
5173052f-84dc-4630-bbd3-4453d134d5b7,anomalous,out_of_range_vital,False
99c7f67b-56b3-4de7-881d-4a40b151c731,normal,,False
febca1d8-30ad-4b37-ac83-2412f82d5080,normal,,False
af03609f-0636-4c9a-8871-00f17126568d,anomalous,payload_tamper,True
aa5d1dfe-2ee2-4e19-b075-bc641cbc55e5,anomalous,traffic_flood,False
79142122-3f08-4808-b42e-ad8a677e39d2,anomalous,traffic_flood,False
c6a8f279-81df-4ac4-8ee4-11bf09068de3,anomalous,traffic_flood,False
e97eab70-77c3-4832-8b06-29d7674fcfd4,anomalous,traffic_flood,False
1700b67e-099f-4486-bf59-2f21af7c548e,anomalous,traffic_flood,False
cb21cae5-e40b-48f5-845e-c315ec0366cc,normal,,False
bc5a49a9-e909-4d93-8427-7c5605e35a4f,normal,,False
65f010d4-7964-4a5e-baed-f3a8d1fe4280,normal,,False
720a79f2-18cd-4703-ada4-936afed0528c,anomalous,payload_tamper,True
f34f56ab-7002-48f2-a909-737d57fbe855,normal,,False
c7470c3d-b26a-4d5d-b496-8e9b36f5f322,normal,,False
e74daadc-8b8d-494a-be86-e78b86589d3f,anomalous,traffic_flood,False
3e190675-7dc7-474d-a015-d0e42160846e,anomalous,prescription_mismatch,False
ef3cad55-5527-459c-8c98-ba442d9b7f01,normal,,False
08eb669a-936e-46cf-96d0-9cab332f19da,normal,,False
2b4eacd5-1fa3-4421-9ea5-9b5b4d7910f1,normal,,False
b7cdf15a-77fb-4862-b217-89da5632dc78,anomalous,out_of_range_vital,False
079f8724-fab9-45b1-888e-6c7d149ab389,anomalous,prescription_mismatch,False
f04d75ca-62a2-4793-ba74-8e1645bf86e0,anomalous,traffic_flood,False
bf79f792-f491-45c4-8fac-c1cbe838bc94,normal,,False
2134a3cf-fc7a-4cc2-897a-b381c26e4d7c,anomalous,out_of_range_vital,False
5021ef72-c4fb-4398-84d0-55f69579c42f,normal,,False
2fbef3bb-a876-46b8-9a83-40ed01adbabe,normal,,False
1df86c6a-fda3-47ad-8f3c-09a4d1350b75,normal,,False
f4d29d84-13a5-4aec-ba2f-6f3559a1d7d2,normal,,False
35f59d34-244b-43ed-9277-217bbf74194d,anomalous,traffic_flood,False
86803915-1bc7-417a-bd5a-6f0424ddae69,normal,,False
dda55e5e-c2d0-41cb-ba62-307df30b69ec,anomalous,traffic_flood,False
4ea4ecf1-1ee0-4ded-8811-6c25d1b743c4,normal,,False
700efebd-961a-4a08-9951-827f59269882,normal,,False
72ef2830-f499-4ee7-90da-45dafe7c8673,anomalous,traffic_flood,False
725011a2-35ea-4557-b139-d255b16c83f5,normal,,False
728462a1-678a-4d6e-9f39-01d1b18e2084,normal,,False
ec2d5755-0e68-49f5-8223-1eded2e51a3f,anomalous,payload_tamper,True
39753b7e-52e2-4ccc-aaf2-8e153d52e064,normal,,False
68b9f586-8211-49d0-80f5-16e377c302fc,anomalous,payload_tamper,True
610c264f-67e2-4167-a1e2-52b4fd116883,anomalous,out_of_range_vital,False
ecd60ff0-52b1-4c9c-9520-b58c738a77ee,anomalous,payload_tamper,True
833a9ae3-d105-4dce-8c3e-8df2c2978e62,normal,,False
1ebaa779-98e1-4712-9be6-4a427b2db004,normal,,False
2fe8b5c7-48a1-4fda-b79c-cd13990b64bf,anomalous,payload_tamper,True
b4164176-4a7f-4ad8-88a7-8bbb5ce9a4d1,normal,,False
